{"cameraMode":{"drawMode":0,"name":"Shaded","section":"Shading Mode"},"sceneLighting":true,"audioPlay":false,"sceneViewState":{"showFog":false,"showMaterialUpdate":false,"showSkybox":false,"showFlares":false,"showImageEffects":false,"showParticleSystems":false},"in2DMode":false,"pivot":{"x":-19.67061996459961,"y":0.013600349426269532,"z":24.965818405151368},"rotation":{"x":0.1649615466594696,"y":0.706612765789032,"z":-0.1751684546470642,"w":0.6654398441314697},"size":27.505294799804689,"orthographic":false}