{"cameraMode":{"drawMode":0,"name":"Shaded","section":"Shading Mode"},"sceneLighting":true,"audioPlay":false,"sceneViewState":{"showFog":false,"showMaterialUpdate":false,"showSkybox":false,"showFlares":false,"showImageEffects":false,"showParticleSystems":false},"in2DMode":false,"pivot":{"x":83.79754638671875,"y":-61.81596374511719,"z":-122.7835693359375},"rotation":{"x":0.053102441132068637,"y":0.9450845718383789,"z":-0.19582608342170716,"w":0.25633302330970766},"size":203.165283203125,"orthographic":false}