{"cameraMode":{"drawMode":0,"name":"Shaded","section":"Shading Mode"},"sceneLighting":true,"audioPlay":false,"sceneViewState":{"showFog":false,"showMaterialUpdate":false,"showSkybox":false,"showFlares":false,"showImageEffects":false,"showParticleSystems":false},"in2DMode":false,"pivot":{"x":39.761146545410159,"y":-56.83787536621094,"z":103.68380737304688},"rotation":{"x":0.3856649100780487,"y":-0.08751441538333893,"z":0.03675002604722977,"w":0.9177734851837158},"size":95.14625549316406,"orthographic":false}