{"cameraMode":{"drawMode":0,"name":"Shaded","section":"Shading Mode"},"sceneLighting":true,"audioPlay":false,"sceneViewState":{"showFog":false,"showMaterialUpdate":false,"showSkybox":false,"showFlares":false,"showImageEffects":false,"showParticleSystems":false},"in2DMode":false,"pivot":{"x":3.2152233123779299,"y":-26.94220733642578,"z":60.648128509521487},"rotation":{"x":-0.23203906416893006,"y":-0.03418676182627678,"z":0.008231384679675103,"w":-0.9721227884292603},"size":157.48834228515626,"orthographic":false}