{"cameraMode":{"drawMode":0,"name":"Shaded","section":"Shading Mode"},"sceneLighting":true,"audioPlay":false,"sceneViewState":{"showFog":false,"showMaterialUpdate":false,"showSkybox":false,"showFlares":false,"showImageEffects":false,"showParticleSystems":false},"in2DMode":false,"pivot":{"x":-39.148902893066409,"y":-19.250991821289064,"z":-106.47281646728516},"rotation":{"x":-0.047707073390483859,"y":0.9364646077156067,"z":-0.3179446756839752,"w":-0.14040300250053407},"size":250.006103515625,"orthographic":false}