{"cameraMode":{"drawMode":0,"name":"Shaded","section":"Shading Mode"},"sceneLighting":true,"audioPlay":false,"sceneViewState":{"showFog":false,"showMaterialUpdate":false,"showSkybox":false,"showFlares":false,"showImageEffects":false,"showParticleSystems":false},"in2DMode":false,"pivot":{"x":198.19412231445313,"y":-240.0177001953125,"z":161.9697265625},"rotation":{"x":-0.3361549377441406,"y":-0.39798858761787417,"z":0.15969592332839967,"w":-0.8385818004608154},"size":557.1968383789063,"orthographic":false}