{"cameraMode":{"drawMode":0,"name":"Shaded","section":"Shading Mode"},"sceneLighting":false,"audioPlay":false,"sceneViewState":{"showFog":false,"showMaterialUpdate":false,"showSkybox":false,"showFlares":false,"showImageEffects":false,"showParticleSystems":false},"in2DMode":false,"pivot":{"x":0.005851149559020996,"y":0.9190008640289307,"z":0.1862841695547104},"rotation":{"x":0.41129690408706667,"y":-0.5805410742759705,"z":0.42890664935112,"w":0.5566759705543518},"size":3.7505953311920168,"orthographic":false}